{"cameraMode":{"drawMode":0,"name":"Shaded","section":"Shading Mode"},"sceneLighting":false,"audioPlay":false,"sceneViewState":{"m_AlwaysRefresh":false,"showFog":true,"showSkybox":false,"showFlares":true,"showImageEffects":true,"showParticleSystems":true,"showVisualEffectGraphs":true,"m_FxEnabled":true},"in2DMode":false,"pivot":{"x":-7.612054347991943,"y":8.668272018432618,"z":19.225875854492189},"rotation":{"x":0.043740298599004748,"y":0.9254137277603149,"z":0.11270304024219513,"w":-0.35914528369903567},"size":2.5380442142486574,"orthographic":false}